{
  "schema_version": 1,
  "startup": {
    "dem_and_pyramid_load_seconds": 8.21129516200017,
    "cuda_session_construction_seconds": 3.486748374999479,
    "first_segment_generation_seconds": 7.002008970000134,
    "first_cuda_compile_and_execution_seconds": 6.848615109000093,
    "first_cuda_timings": {
      "segment_upload_seconds": 0.010277411000060965,
      "output_reset_seconds": 0.006629939999584167,
      "kernel_wall_seconds": 6.521079940000163,
      "copy_back_seconds": 0.006459456999436952
    },
    "first_degree_conversion_seconds": 0.08515074499973707,
    "first_compression_and_write_seconds": 0.3444738309999593
  },
  "mode": "writer-pipeline",
  "gpu_workers": 1,
  "compressed": true,
  "patch_count": 1,
  "elapsed_seconds": 7.106894123000529,
  "patches_per_second": 0.1407084420694592,
  "wall_seconds_per_patch": 7.106894123000529,
  "preparation_seconds": [
    1.7700094169995282
  ],
  "cuda_call_seconds": [
    5.123028209999575
  ],
  "degree_conversion_seconds": [
    0.10480120000011084
  ],
  "write_seconds": [
    0.10565504599981068
  ],
  "pass_kernel_seconds": [
    [
      0.40696322631835935,
      1.4298358154296875,
      1.20313134765625,
      2.051166259765625
    ]
  ],
  "production_cuda_timings": [
    {
      "segment_upload_seconds": 0.009401832999174076,
      "output_reset_seconds": 0.006278014000599796,
      "kernel_wall_seconds": 5.091095172000678,
      "copy_back_seconds": 0.01609760199971788
    }
  ],
  "maximum_prepared_queue_depth": 1,
  "pipeline_metrics": {
    "preparation_seconds": 1.7700132959998882,
    "compute_seconds": 5.123033535000104,
    "finalization_seconds": 0.10480708300019614,
    "write_seconds": 0.10565504599981068,
    "maximum_prepared_queue_depth": 1,
    "maximum_writer_queue_depth": 1,
    "producer_enqueue_wait_seconds": [
      1.5607999557687435e-05
    ],
    "consumer_dequeue_wait_seconds": [
      1.7704679520002173
    ],
    "writer_enqueue_wait_seconds": [
      7.490999450965319e-06
    ],
    "writer_dequeue_wait_seconds": [
      6.8945989620006
    ]
  },
  "peak_host_rss_bytes": 8478707712,
  "peak_process_gpu_memory_mib": 4458,
  "gpu_memory_samples": 104,
  "files": [
    {
      "path": "/tmp/lunarscout-phase6-cache-v2-populate/00000/horizon_00000_00000_000.cbin",
      "bytes": 23672772,
      "sha256": "1144fbb30c72b2bf992c0d592863c662aac321019e17f4650db0900e3dbd22eb"
    }
  ],
  "total_output_bytes": 23672772,
  "inputs": [
    "/d/lunar_analyst_scenarios/test_scenario/dem.tif",
    "/d/datasets/viper_v71_2024_medium/other/dem.tif",
    "/d/viper/maps/gsfc/site_20v2/Site20v2_final_adj_5mpp_surf.tif",
    "/d/viper/maps/lola/LDEM_80S_20M-2017-06-15-processed.tif"
  ],
  "native_runtime_modules_loaded": [],
  "notes": [
    "Warm timing follows one unrecorded segment/CUDA/compression warm-up patch.",
    "CUDA call includes segment upload, kernel events, synchronization, and result copy.",
    "Pipeline mode uses one producer and 1 CUDA worker(s)/work-buffer slot(s).",
    "Writer-pipeline mode moves degree conversion, compression, and staged writing to a one-item bounded writer queue.",
    "Pyramids and fixed-shape transient segment/output device buffers remain resident and are reused."
  ]
}
