{
  "schema_version": 1,
  "mode": "writer-pipeline",
  "gpu_workers": 2,
  "compressed": true,
  "patch_count": 16,
  "elapsed_seconds": 88.66819705699982,
  "patches_per_second": 0.1804480132793779,
  "wall_seconds_per_patch": 5.5417623160624885,
  "preparation_seconds": [
    1.7839248139998745,
    2.2985646120005185,
    2.224234090000209,
    2.1889167389999784,
    2.16174447999947,
    2.403510424999695,
    2.6138081980006973,
    2.4201503869999215,
    2.3856594520002545,
    2.451292256999295,
    2.55325700100002,
    2.415275706999637,
    2.430121149000115,
    2.4334436520002782,
    2.6023972689999937,
    2.3788283510002657
  ],
  "cuda_call_seconds": [
    5.668043059999945,
    10.310846956000205,
    10.571385808000741,
    10.470409531999394,
    10.672282253999583,
    10.888716764000492,
    10.755812977999994,
    10.871716799000751,
    11.020690164999905,
    10.966945004000081,
    10.843693492999591,
    10.990612573000362,
    11.07220392599993,
    10.757431033999637,
    10.658431854999435,
    9.059842816000128
  ],
  "degree_conversion_seconds": [
    0.15878400499968848,
    0.27523605399983353,
    0.2152794420007922,
    0.18769443600012892,
    0.1511722720006219,
    0.2545772109997415,
    0.23332307700002275,
    0.3029806370004735,
    0.23682544000075723,
    0.27278575300078955,
    0.21471533899966744,
    0.113809938000486,
    0.11573131499972078,
    0.11519435599984718,
    0.10672208399955707,
    0.0927374510001755
  ],
  "write_seconds": [
    4.370743864998985
  ],
  "pass_kernel_seconds": [
    [
      0.4079903259277344,
      1.4297835693359375,
      1.2060469970703125,
      2.533278564453125
    ],
    [
      1.0877816162109375,
      3.55705322265625,
      1.590814697265625,
      3.9607666015625
    ],
    [
      1.8307103271484375,
      3.09817431640625,
      3.160005615234375,
      2.442831787109375
    ],
    [
      1.4979476318359375,
      3.85048974609375,
      1.606907958984375,
      3.42074462890625
    ],
    [
      2.258609619140625,
      2.5643212890625,
      3.202621337890625,
      2.5760849609375
    ],
    [
      1.6553040771484375,
      3.5532236328125,
      1.7040076904296875,
      3.907028076171875
    ],
    [
      1.9697974853515625,
      3.056200439453125,
      3.191710205078125,
      2.4935029296875
    ],
    [
      1.5813123779296876,
      4.17143408203125,
      1.6211978759765624,
      3.432533935546875
    ],
    [
      2.56683251953125,
      2.582570068359375,
      3.227250732421875,
      2.577733642578125
    ],
    [
      1.6912578125,
      3.525170166015625,
      1.7588326416015625,
      3.944092041015625
    ],
    [
      1.9766463623046875,
      3.1035361328125,
      3.2230234375,
      2.4988681640625
    ],
    [
      1.5590369873046874,
      4.3257373046875,
      1.5845548095703126,
      3.419484375
    ],
    [
      2.671715576171875,
      2.579334228515625,
      3.24868408203125,
      2.520471923828125
    ],
    [
      1.645614990234375,
      3.472230712890625,
      1.674130126953125,
      3.928005615234375
    ],
    [
      1.8088531494140625,
      3.08951953125,
      3.267729248046875,
      2.455657470703125
    ],
    [
      1.5841273193359375,
      4.2409677734375,
      1.18450830078125,
      2.01431201171875
    ]
  ],
  "production_cuda_timings": [
    {
      "segment_upload_seconds": 0.009376609999890206,
      "output_reset_seconds": 0.0068918949991712,
      "kernel_wall_seconds": 5.586472963999768,
      "copy_back_seconds": 0.04517018899969116
    },
    {
      "segment_upload_seconds": 0.042977498000254855,
      "output_reset_seconds": 0.054117075000249315,
      "kernel_wall_seconds": 10.196401285999855,
      "copy_back_seconds": 0.015662220000194793
    },
    {
      "segment_upload_seconds": 0.01518964800015965,
      "output_reset_seconds": 0.009314994999840565,
      "kernel_wall_seconds": 10.531687813000644,
      "copy_back_seconds": 0.015047061000586837
    },
    {
      "segment_upload_seconds": 0.05117525600053341,
      "output_reset_seconds": 0.014802781000071263,
      "kernel_wall_seconds": 10.376063529000021,
      "copy_back_seconds": 0.015507677000641706
    },
    {
      "segment_upload_seconds": 0.02916350000032253,
      "output_reset_seconds": 0.019859548000567884,
      "kernel_wall_seconds": 10.601611373000196,
      "copy_back_seconds": 0.015716813000835828
    },
    {
      "segment_upload_seconds": 0.012583201999404992,
      "output_reset_seconds": 0.02991217399994639,
      "kernel_wall_seconds": 10.819537949999358,
      "copy_back_seconds": 0.01570414800062281
    },
    {
      "segment_upload_seconds": 0.01234109899996838,
      "output_reset_seconds": 0.016059393999967142,
      "kernel_wall_seconds": 10.711174408999796,
      "copy_back_seconds": 0.016110133999973186
    },
    {
      "segment_upload_seconds": 0.01925811999990401,
      "output_reset_seconds": 0.02921550699920772,
      "kernel_wall_seconds": 10.80643282300025,
      "copy_back_seconds": 0.015543092000370962
    },
    {
      "segment_upload_seconds": 0.015317031999984465,
      "output_reset_seconds": 0.01802269099971454,
      "kernel_wall_seconds": 10.954374502000064,
      "copy_back_seconds": 0.015734447000795626
    },
    {
      "segment_upload_seconds": 0.0178711899998234,
      "output_reset_seconds": 0.013623957999698177,
      "kernel_wall_seconds": 10.919305634999546,
      "copy_back_seconds": 0.01599907599938888
    },
    {
      "segment_upload_seconds": 0.01220717100022739,
      "output_reset_seconds": 0.01384992100065574,
      "kernel_wall_seconds": 10.802026812000804,
      "copy_back_seconds": 0.015484593999644858
    },
    {
      "segment_upload_seconds": 0.01205519099949015,
      "output_reset_seconds": 0.03702298000007431,
      "kernel_wall_seconds": 10.888771701999758,
      "copy_back_seconds": 0.01631273400016653
    },
    {
      "segment_upload_seconds": 0.01524380199953157,
      "output_reset_seconds": 0.018988013000125648,
      "kernel_wall_seconds": 11.020155406999947,
      "copy_back_seconds": 0.017245216999981494
    },
    {
      "segment_upload_seconds": 0.012605400000211375,
      "output_reset_seconds": 0.009055199000613356,
      "kernel_wall_seconds": 10.71992521500033,
      "copy_back_seconds": 0.01572711300013907
    },
    {
      "segment_upload_seconds": 0.011868740999489091,
      "output_reset_seconds": 0.008730804000151693,
      "kernel_wall_seconds": 10.621700558999692,
      "copy_back_seconds": 0.01600546999998187
    },
    {
      "segment_upload_seconds": 0.01199926899971615,
      "output_reset_seconds": 0.008971540999482386,
      "kernel_wall_seconds": 9.023869453999396,
      "copy_back_seconds": 0.014862975000141887
    }
  ],
  "maximum_prepared_queue_depth": 2,
  "pipeline_metrics": {
    "preparation_seconds": 37.745173741001054,
    "compute_seconds": 165.58515274800084,
    "finalization_seconds": 3.051016616997913,
    "write_seconds": 4.370743864998985,
    "maximum_prepared_queue_depth": 2,
    "maximum_writer_queue_depth": 1,
    "producer_enqueue_wait_seconds": [
      1.4033000297786202e-05,
      1.3253999895823654e-05,
      8.203000106732361e-06,
      9.95900063571753e-06,
      9.639999916544184e-06,
      1.3811202520000734,
      0.9695661140003722,
      4.467625813999803,
      1.3997737720001169,
      4.653125222000199,
      1.0988915139996607,
      4.805414462000044,
      1.3709673610001119,
      4.733384267000474,
      1.0750247350006248,
      4.935557099999642
    ],