{
  "schema_version": 1,
  "mode": "writer-pipeline",
  "compressed": true,
  "patch_count": 16,
  "elapsed_seconds": 89.23082841399992,
  "patches_per_second": 0.17931022589822412,
  "wall_seconds_per_patch": 5.576926775874995,
  "preparation_seconds": [
    1.7158267909999267,
    2.2130649169994285,
    2.0589202049995947,
    2.2461104109997905,
    2.259788585000024,
    2.489928455000154,
    2.59418961999927,
    2.310101375999693,
    2.4721909489999234,
    2.5427197709996108,
    2.5769843810003294,
    2.388255267000204,
    2.322750393000206,
    2.30375875000027,
    2.4097953210002743,
    2.1627234469997347
  ],
  "cuda_call_seconds": [
    5.128797456000029,
    5.172957697000129,
    5.544788982000682,
    5.497489106999637,
    5.279597625999486,
    5.2455542620000415,
    5.607113075000598,
    5.866936383999928,
    5.211438592000377,
    5.264358157999595,
    5.676067717000478,
    5.991202836999946,
    5.207043442000213,
    5.173347304000345,
    5.5771962409999105,
    5.839422038999146
  ],
  "degree_conversion_seconds": [
    0.22131889599950227,
    0.2684533490000831,
    0.18308507400070084,
    0.24065496000002895,
    0.1955165469998974,
    0.3741418560002785,
    0.22169979299997067,
    0.2638303329995324,
    0.3913540550001926,
    0.22642328300025838,
    0.1933622930000638,
    0.263505699000234,
    0.18922335299976112,
    0.12374994099991454,
    0.12449325299985503,
    0.0997595380003986
  ],
  "write_seconds": [
    4.315167405000466
  ],
  "pass_kernel_seconds": [
    [
      0.4074959106445312,
      1.427619873046875,
      1.2057159423828125,
      2.057099365234375
    ],
    [
      0.46784521484375,
      1.5011849365234375,
      1.1514378662109375,
      2.008235107421875
    ],
    [
      0.4287185363769531,
      1.944044189453125,
      1.1382620849609375,
      1.9865528564453125
    ],
    [
      0.4402897644042969,
      1.8634892578125,
      1.1337882080078125,
      1.9864114990234376
    ],
    [
      0.44588565063476565,
      1.4419835205078124,
      1.216133056640625,
      2.05161376953125
    ],
    [
      0.5000989074707032,
      1.500271728515625,
      1.1761397705078125,
      2.02484423828125
    ],
    [
      0.5076748657226563,
      1.874960205078125,
      1.1569080810546875,
      1.999555908203125
    ],
    [
      0.47312982177734375,
      2.16437451171875,
      1.1569891357421875,
      1.9993690185546875
    ],
    [
      0.4533848266601562,
      1.43121826171875,
      1.2213587646484374,
      2.054196044921875
    ],
    [
      0.5061067504882812,
      1.469053955078125,
      1.1970518798828125,
      2.036509765625
    ],
    [
      0.5456366577148437,
      1.8977186279296876,
      1.177248779296875,
      2.0109005126953123
    ],
    [
      0.47218597412109375,
      2.304158935546875,
      1.1689521484375,
      2.0060220947265623
    ],
    [
      0.39430191040039064,
      1.4129439697265624,
      1.2458426513671874,
      2.068141845703125
    ],
    [
      0.43139181518554687,
      1.40685009765625,
      1.226029052734375,
      2.058986572265625
    ],
    [
      0.439476806640625,
      1.863865966796875,
      1.202572265625,
      2.03445654296875
    ],
    [
      0.40946963500976563,
      2.199932861328125,
      1.183182861328125,
      2.0110499267578126
    ]
  ],
  "production_cuda_timings": [
    {
      "segment_upload_seconds": 0.009334479000244755,
      "output_reset_seconds": 0.006306604000201332,
      "kernel_wall_seconds": 5.097882111999752,
      "copy_back_seconds": 0.015133853999941493
    },
    {
      "segment_upload_seconds": 0.012141750000409957,
      "output_reset_seconds": 0.014084321999689564,
      "kernel_wall_seconds": 5.1286600339999495,
      "copy_back_seconds": 0.016248412000095414
    },
    {
      "segment_upload_seconds": 0.010907208000389801,
      "output_reset_seconds": 0.019555147000573925,
      "kernel_wall_seconds": 5.497516956000254,
      "copy_back_seconds": 0.01549311700000544
    },
    {
      "segment_upload_seconds": 0.011918788000002678,
      "output_reset_seconds": 0.04264735400010977,
      "kernel_wall_seconds": 5.423924847999842,
      "copy_back_seconds": 0.01531819399951928
    },
    {
      "segment_upload_seconds": 0.02543936600068264,
      "output_reset_seconds": 0.020157968000603432,
      "kernel_wall_seconds": 5.155586466999921,
      "copy_back_seconds": 0.015587503999995533
    },
    {
      "segment_upload_seconds": 0.01208670300002268,
      "output_reset_seconds": 0.009318546000031347,
      "kernel_wall_seconds": 5.201314283000102,
      "copy_back_seconds": 0.015516731000388972
    },
    {
      "segment_upload_seconds": 0.01201562199912587,
      "output_reset_seconds": 0.011597133000577742,
      "kernel_wall_seconds": 5.539060078000148,
      "copy_back_seconds": 0.015718315999947663
    },
    {
      "segment_upload_seconds": 0.016916225999921153,
      "output_reset_seconds": 0.03955563700037601,
      "kernel_wall_seconds": 5.793815495999297,
      "copy_back_seconds": 0.015861126000345394
    },
    {
      "segment_upload_seconds": 0.01346053299948835,
      "output_reset_seconds": 0.008507698999892455,
      "kernel_wall_seconds": 5.160126075000335,
      "copy_back_seconds": 0.015296192999812774
    },
    {
      "segment_upload_seconds": 0.029022554000221135,
      "output_reset_seconds": 0.008563415999560675,
      "kernel_wall_seconds": 5.208683458999985,
      "copy_back_seconds": 0.015839796000364004
    },
    {
      "segment_upload_seconds": 0.011335422999763978,
      "output_reset_seconds": 0.013999642999806383,
      "kernel_wall_seconds": 5.63144904300043,
      "copy_back_seconds": 0.015860053999858792
    },
    {
      "segment_upload_seconds": 0.01639058799992199,
      "output_reset_seconds": 0.008991929000330856,
      "kernel_wall_seconds": 5.951263599000413,
      "copy_back_seconds": 0.014451529000325536
    },
    {
      "segment_upload_seconds": 0.012976236000213248,
      "output_reset_seconds": 0.052309766000689706,
      "kernel_wall_seconds": 5.121199726000668,
      "copy_back_seconds": 0.015293143000235432
    },
    {
      "segment_upload_seconds": 0.01140878300066106,
      "output_reset_seconds": 0.022580697999728727,
      "kernel_wall_seconds": 5.1232138759996815,
      "copy_back_seconds": 0.015055426999424526
    },
    {
      "segment_upload_seconds": 0.012320566999733273,
      "output_reset_seconds": 0.00873224799943273,
      "kernel_wall_seconds": 5.540312633999747,
      "copy_back_seconds": 0.015713366999989375
    },
    {
      "segment_upload_seconds": 0.011448297000242746,
      "output_reset_seconds": 0.008460070000182895,
      "kernel_wall_seconds": 5.803571362000184,
      "copy_back_seconds": 0.015845137000724208
    }
  ],
  "maximum_prepared_queue_depth": 1,
  "pipeline_metrics": {
    "preparation_seconds": 37.06715349999922,
    "compute_seconds": 87.28334680700027,
    "finalization_seconds": 3.584313915001985,
    "write_seconds": 4.315167405000466,
    "maximum_prepared_queue_depth": 1,
    "maximum_writer_queue_depth": 1,
    "producer_enqueue_wait_seconds": [
      1.7630000002100132e-05,
      1.003299985313788e-05,
      0.8586192769998888,
      2.927689699000439,
      3.2851644689999375,
      3.008270365999124,
      2.685975070000495,
      2.9361933740001405,
      3.1358598369997708,
      3.324941826000213,
      2.635450073999891,
      2.876196706999508,
      3.3541940679997424,
      3.6877341370000067,
      2.798133493000023,
      3.011046386000089
    ],