{
  "schema_version": 1,
  "mode": "writer-pipeline",
  "compressed": true,
  "patch_count": 16,
  "elapsed_seconds": 90.41298462000032,
  "patches_per_second": 0.17696573193824894,
  "wall_seconds_per_patch": 5.65081153875002,
  "preparation_seconds": [
    1.7491841749997548,
    2.239815458000521,
    2.160184026999559,
    2.2495715559998644,
    2.4686056130003635,
    2.5356672219995744,
    2.5096902530003717,
    2.3738630440002453,
    2.5333066970006257,
    2.551191470000049,
    2.9045047030003843,
    2.5642324489999737,
    2.3830884989993137,
    2.476062016000469,
    2.602221090999592,
    2.503923544999452
  ],
  "cuda_call_seconds": [
    5.173585722999633,
    5.225483674000316,
    5.657116942000357,
    5.559690322999813,
    5.27560352799992,
    5.2838396350007315,
    5.688121013999989,
    5.900618988999668,
    5.369608285999675,
    5.343167005000396,
    5.759876781999992,
    6.158983248999903,
    5.298996059000274,
    5.264943866999602,
    5.599508031000369,
    5.868684488999861
  ],
  "degree_conversion_seconds": [
    0.2095338230001289,
    0.2707486279996374,
    0.2390537380006208,
    0.2860517819999586,
    0.35982782100018085,
    0.3709228309999162,
    0.2389595670001654,
    0.17724513900066086,
    0.4349107139996704,
    0.28102160199978243,
    0.3288899509998373,
    0.3148818579993531,
    0.19367573499948776,
    0.12551420899944787,
    0.11704778100011026,
    0.10070838299998286
  ],
  "write_seconds": [
    5.091073135998158
  ],
  "pass_kernel_seconds": [
    [
      0.41026397705078127,
      1.438951416015625,
      1.2135692138671874,
      2.068570068359375
    ],
    [
      0.4608849182128906,
      1.514765869140625,
      1.1574405517578126,
      2.0182469482421874
    ],
    [
      0.4195679626464844,
      1.9668931884765626,
      1.14221875,
      1.9968675537109375
    ],
    [
      0.4330597839355469,
      1.8785126953125,
      1.1375902099609374,
      1.9945794677734374
    ],
    [
      0.46860403442382814,
      1.4441328125,
      1.2155135498046874,
      2.057722900390625
    ],
    [
      0.5091808471679687,
      1.5087113037109374,
      1.178365966796875,
      2.030622802734375
    ],
    [
      0.4970024719238281,
      1.8955242919921875,
      1.1599195556640625,
      2.006633544921875
    ],
    [
      0.4779872131347656,
      2.169651123046875,
      1.1612774658203124,
      2.004671630859375
    ],
    [
      0.4437424621582031,
      1.44380322265625,
      1.2453326416015624,
      2.06017919921875
    ],
    [
      0.4892209777832031,
      1.487902099609375,
      1.202480224609375,
      2.041070068359375
    ],
    [
      0.5470606079101562,
      1.917302734375,
      1.183361083984375,
      2.0198922119140623
    ],
    [
      0.4554262084960938,
      2.32364013671875,
      1.1879281005859375,
      2.0138702392578125
    ],
    [
      0.4111575012207031,
      1.4136441650390625,
      1.2670885009765624,
      2.074756103515625
    ],
    [
      0.4255776672363281,
      1.416383544921875,
      1.2466236572265625,
      2.064541748046875
    ],
    [
      0.4321607666015625,
      1.872462890625,
      1.2053052978515626,
      2.040151123046875
    ],
    [
      0.40840676879882815,
      2.205178955078125,
      1.1867567138671875,
      2.01439208984375
    ]
  ],
  "maximum_prepared_queue_depth": 1,
  "pipeline_metrics": {
    "preparation_seconds": 38.80516011099917,
    "compute_seconds": 88.42785462300071,
    "finalization_seconds": 4.052888681998411,
    "write_seconds": 5.091073135998158,
    "maximum_prepared_queue_depth": 1,
    "maximum_writer_queue_depth": 1,
    "producer_enqueue_wait_seconds": [
      1.3558000318880659e-05,
      1.2614000297617167e-05,
      0.7754879340000116,
      2.976467209000475,
      3.188731934000316,
      3.024957390000054,
      2.7661942679997082,
      2.910083621999547,
      3.1558003039999676,
      3.3498961039995265,
      2.465477047000604,
      2.7796805670004687,
      3.377714090999689,
      3.683346408000034,
      2.6977037289998407,
      2.7617121369994493
    ],
    "consumer_dequeue_wait_seconds": [
      1.7500710929998604,
      0.0004473409999263822,
      0.00043051100055890856,
      0.00047498399999312824,
      0.0006245360000320943,
      0.0003967120001107105,
      0.0006843820001449785,
      0.0007413839994114824,
      0.0004248770001140656,
      0.0004128440004933509,
      0.0007368510005107964,
      0.0007627339991813642,
      0.0004948280002281535,
      0.0006578630000149133,
      0.00040096600059769116,
      0.000779486999817891
    ],
    "writer_enqueue_wait_seconds": [
      9.006999789562542e-06,
      8.93400010681944e-06,
      9.784000212675892e-06,
      9.221999789588153e-06,
      8.518999493389856e-06,
      7.820000064384658e-06,
      1.0847000339708757e-05,
      1.047000023390865e-05,
      7.770000593154691e-06,
      8.638000508653931e-06,
      9.350000254926272e-06,
      8.461000106763095e-06,
      1.0941999789793044e-05,
      1.025100027618464e-05,
      8.791000254859682e-06,
      1.2650999451579992e-05
    ],
    "writer_dequeue_wait_seconds": [
      6.924744643999475,
      4.643253940999784,
      5.093699674000163,
      5.055298445000517,
      4.62542451399986,
      4.7128572769997845,
      4.964006731000154,
      5.418817134999699,
      4.689233867000439,
      4.63753535900014,
      5.068377264000446,
      5.28073126199979,
      4.596571586000209,
      4.535550556999624,
      5.350499862999641,
      5.626693907999652
    ]
  },
  "peak_host_rss_bytes": 9024241664,
  "peak_process_gpu_memory_mib": 5558,
  "gpu_memory_samples": 1166,
  "files": [
    {
      "path": "/tmp/lunarscout-phase6-sustained-python-writer/00000/horizon_00000_00000_000.cbin",
      "bytes": 23672772,
      "sha256": "1144fbb30c72b2bf992c0d592863c662aac321019e17f4650db0900e3dbd22eb"
    },
    {
      "path": "/tmp/lunarscout-phase6-sustained-python-writer/00000/horizon_00000_00128_000.cbin",
      "bytes": 23656625,
      "sha256": "7b49aba1bfb741befcc6c8cbe03063fd70e1eb7cbf24f371be843340327177a3"
    },
    {
      "path": "/tmp/lunarscout-phase6-sustained-python-writer/00000/horizon_00000_00256_000.cbin",
      "bytes": 23651112,
      "sha256": "cfc841263de05bf50ec6e59125b09469cd0d4fd64a1c5cf98acef9b8ea63a52d"
    },
    {
      "path": "/tmp/lunarscout-phase6-sustained-python-writer/00000/horizon_00000_00384_000.cbin",
      "bytes": 23647011,
      "sha256": "4f7bd2c9a034447bc919391fcc5c24f0627be8932dff02517720b120b8ac6ec2"
    },
    {
      "path": "/tmp/lunarscout-phase6-sustained-python-writer/00128/horizon_00128_00000_000.cbin",
      "bytes": 23669667,
      "sha256": "b7eec2bfabef1ed6630b041f054b81e2db91ad55b452ab68ea89549eb53f0ef4"
    },
    {
      "path": "/tmp/lunarscout-phase6-sustained-python-writer/00128/horizon_00128_00128_000.cbin",
      "bytes": 23666523,
      "sha256": "ea7d9e36a6ad7dc16fdeb9db6b162e959564d0c77951b77676c55b5d4c41cd1e"
    },
    {
      "path": "/tmp/lunarscout-phase6-sustained-python-writer/00128/horizon_00128_00256_000.cbin",
      "bytes": 23644945,
      "sha256": "ea47c2e1d69324df383495cc26927f275042c9f6379c8662fa98401bd74940e2"
    },
    {
      "path": "/tmp/lunarscout-phase6-sustained-python-writer/00128/horizon_00128_00384_000.cbin",
      "bytes": 23644730,
      "sha256": "c4a6e7af72833bc58b09ee365ab3d26c0559816bed911e2ef072a452a77d150c"
    },
    {
      "path": "/tmp/lunarscout-phase6-sustained-python-writer/00256/horizon_00256_00000_000.cbin",
      "bytes": 23672496,
      "sha256": "8ba9504b4a33b41b87fc2c03a929cbdd19cb6fdaa91f1b80c34bc8d96537efd3"
    },
    {
      "path": "/tmp/lunarscout-phase6-sustained-python-writer/00256/horizon_00256_00128_000.cbin",
      "bytes": 23665275,