{
  "bounds": {
    "configured_decoded_horizon_capacity": 5,
    "configured_maximum_decoded_horizon_bytes": 471859200,
    "configured_reader_worker_count": 4,
    "configured_writer_queue_capacity": 1,
    "cuda_dequeue_wait": {
      "count": 16,
      "maximum_seconds": 0.18673223399991912,
      "mean_seconds": 0.033424608374986065,
      "median_seconds": 0.01717870499987839,
      "p95_seconds": 0.09641764050024904,
      "total_seconds": 0.534793733999777
    },
    "maximum_live_decoded_horizon_bytes": 471859200,
    "maximum_live_decoded_horizons": 5,
    "maximum_reader_queue_depth": 3,
    "maximum_writer_queue_depth": 1,
    "reader_enqueue_wait": {
      "count": 16,
      "maximum_seconds": 2.0948000383214094e-05,
      "mean_seconds": 9.416750003765628e-06,
      "median_seconds": 9.322999858341063e-06,
      "p95_seconds": 2.0358500137263036e-05,
      "total_seconds": 0.00015066800006025005
    },
    "writer_dequeue_wait": {
      "count": 16,
      "maximum_seconds": 0.20830378299979202,
      "mean_seconds": 0.042249681312483744,
      "median_seconds": 0.02919629200005147,
      "p95_seconds": 0.11103286150000713,
      "total_seconds": 0.6759949009997399
    },
    "writer_enqueue_wait": {
      "count": 16,
      "maximum_seconds": 9.149000106845051e-06,
      "mean_seconds": 7.1813125259723165e-06,
      "median_seconds": 7.217999836939271e-06,
      "p95_seconds": 8.855750138536678e-06,
      "total_seconds": 0.00011490100041555706
    }
  },
  "control": {
    "elapsed_seconds": 3.14985559500019,
    "file_bytes": 2640,
    "file_sha256": "ad46d290db861fe210cfd48c7ef94779bb77d177ce392d3e85d4a0b15b9db6ed",
    "patches_per_second": 5.079597942647601
  },
  "identity": {
    "file_hash_equal": true,
    "mask_mismatch_count": 0,
    "metadata_equal": true,
    "pixel_mismatch_count": 0
  },
  "input": {
    "all_valid": true,
    "dem_path": "/e/lunar_analyst_scenarios/mons-mouton/dem.tif",
    "dem_sha256": "1b5cdb5c9d656cd6ff84dd3671ffd40ef8eeee99e85d0020b8d5b3e9e62d3497",
    "height": 512,
    "horizon_paths": [
      "/e/lunar_analyst_scenarios/mons-mouton/horizons/horizon_00000_00000_000.cbin",
      "/e/lunar_analyst_scenarios/mons-mouton/horizons/horizon_00000_00128_000.cbin",
      "/e/lunar_analyst_scenarios/mons-mouton/horizons/horizon_00000_00256_000.cbin",
      "/e/lunar_analyst_scenarios/mons-mouton/horizons/horizon_00000_00384_000.cbin",
      "/e/lunar_analyst_scenarios/mons-mouton/horizons/horizon_00128_00000_000.cbin",
      "/e/lunar_analyst_scenarios/mons-mouton/horizons/horizon_00128_00128_000.cbin",
      "/e/lunar_analyst_scenarios/mons-mouton/horizons/horizon_00128_00256_000.cbin",
      "/e/lunar_analyst_scenarios/mons-mouton/horizons/horizon_00128_00384_000.cbin",
      "/e/lunar_analyst_scenarios/mons-mouton/horizons/horizon_00256_00000_000.cbin",
      "/e/lunar_analyst_scenarios/mons-mouton/horizons/horizon_00256_00128_000.cbin",
      "/e/lunar_analyst_scenarios/mons-mouton/horizons/horizon_00256_00256_000.cbin",
      "/e/lunar_analyst_scenarios/mons-mouton/horizons/horizon_00256_00384_000.cbin",
      "/e/lunar_analyst_scenarios/mons-mouton/horizons/horizon_00384_00000_000.cbin",
      "/e/lunar_analyst_scenarios/mons-mouton/horizons/horizon_00384_00128_000.cbin",
      "/e/lunar_analyst_scenarios/mons-mouton/horizons/horizon_00384_00256_000.cbin",
      "/e/lunar_analyst_scenarios/mons-mouton/horizons/horizon_00384_00384_000.cbin"
    ],
    "horizon_root": "/e/lunar_analyst_scenarios/mons-mouton/horizons",
    "horizon_sha256": [
      "7e85109c6afc7c47ec7792b7b2cc49846242949b0c76fe7f1e690bdbd4838eae",
      "e6a9dd7b09b43f1a51c7fe3c75b8db5ce8d46af434c3b8573feee86b5c998520",
      "29913b30c3511cb591bb6e0c0d705af674753b39ca685c14d1990794f807b0e8",
      "c68214eff1f55edad91c45428bd5a78d8d5bc0bad4e8154abfb65ea9f4aeaef1",
      "d960e19fbcc06a206ea8b89f661d8637c0019f6a16003cc2aef71ab815ccceb4",
      "353277e00a5ebcaeb4965c4e3ad30e9c29541acff7ab5b8e5cd2dbc9df6908ec",
      "f32ffc27062eba9a015aa9e371e294e5eae78a5fd6b7d34f2fac707cc836d191",
      "67544d5a271b9e6300bfa70677d88fa5eed3164e7c6efac17413f989c5abb980",
      "9a588a6ab20d5e23b282b7f1249202f50f4abe931c599166308b323d27905612",
      "8c4fb249136e72c21e38bdc609d00601a6b1eb9e83ab9d67b1340fc647ba2ad3",
      "1d6c454fa0e392cd90ce86db4e4aec85c8e897ff7af600fdf2f78c06fa67e123",
      "76dda4aa6d17a20455bf2650a734376fd376a095234d175c7b8e627ca2712c8d",
      "2805cc190af6384b16a6d0a65a56b2690acf41e2d8165b78de4c9a9d0d8083e8",
      "11ebc8140d3c4a5e48700bb63ff81a251f447a673a879f132ccff9081ab7f0a4",
      "cf6c8a9efaf1b1524f9a58a63300ff2f8772ede43b68a172e760336703cdde02",
      "4d0b5c8b8c500eb6c4f984081fbbcef7bfe68c162706815c1ab9ce031459201d"
    ],
    "patch_columns": 4,
    "patch_count": 16,
    "patch_rows": 4,
    "reduced_vector_count": 2205,
    "reduced_vector_indices_sha256": "18cf3893d1daac2cf3403e4df93a338358cab9c974de7598b76d2266386946d6",
    "scenario": "/e/lunar_analyst_scenarios/mons-mouton",
    "vector_count": 108113,
    "width": 512
  },
  "instrumented": {
    "elapsed_seconds": 1.0403564670000378,
    "file_bytes": 2640,
    "file_sha256": "ad46d290db861fe210cfd48c7ef94779bb77d177ce392d3e85d4a0b15b9db6ed",
    "patches_per_second": 15.37934401094026,
    "pipeline_mode": "bounded",
    "stages": {
      "calculation_boundary": {
        "count": 16,
        "maximum_seconds": 0.030538605999936408,
        "mean_seconds": 0.01864283443759973,
        "median_seconds": 0.01781708500016066,
        "minimum_seconds": 0.01663455200014141,
        "p95_seconds": 0.023260041250068753,
        "total_seconds": 0.2982853510015957
      },
      "cbin_decompression": {
        "count": 16,
        "maximum_seconds": 0.14392504399984318,
        "mean_seconds": 0.14084918025002935,
        "median_seconds": 0.14069943200001944,
        "minimum_seconds": 0.13753145999999106,
        "p95_seconds": 0.14284289000011086,
        "total_seconds": 2.2535868840004696
      },
      "compressed_file_read": {
        "count": 16,
        "maximum_seconds": 0.010450392000166175,
        "mean_seconds": 0.004520499750071849,
        "median_seconds": 0.003020513500132438,
        "minimum_seconds": 0.0027525910004442267,
        "p95_seconds": 0.010403948999851309,
        "total_seconds": 0.07232799600114959
      },
      "cuda_calculation_boundary": {
        "count": 16,
        "maximum_seconds": 0.030513105999943946,
        "mean_seconds": 0.018599127062458365,
        "median_seconds": 0.017739465999966342,
        "minimum_seconds": 0.016612953999810998,
        "p95_seconds": 0.023234442250100074,
        "total_seconds": 0.29758603299933384
      },
      "cuda_dequeue_wait": {
        "count": 16,
        "maximum_seconds": 0.18673223399991912,
        "mean_seconds": 0.033424608374986065,
        "median_seconds": 0.01717870499987839,
        "minimum_seconds": 0.0019895059999726072,
        "p95_seconds": 0.09641764050024904,
        "total_seconds": 0.534793733999777
      },
      "cuda_synchronization_boundary": {
        "count": 16,
        "maximum_seconds": 0.0019302750001770619,
        "mean_seconds": 0.0014716196249935365,
        "median_seconds": 0.0014496379999400233,
        "minimum_seconds": 0.001361910000014177,
        "p95_seconds": 0.001608222000186288,
        "total_seconds": 0.023545913999896584
      },
      "d2h_result": {
        "count": 16,
        "maximum_seconds": 0.00048642399997333996,
        "mean_seconds": 6.971931250632224e-05,
        "median_seconds": 3.704450000441284e-05,
        "minimum_seconds": 3.168900002492592e-05,
        "p95_seconds": 0.0001780892498572939,
        "total_seconds": 0.0011155090001011558
      },
      "finalize": {
        "count": 1,
        "maximum_seconds": 0.0018076030000884202,
        "mean_seconds": 0.0018076030000884202,
        "median_seconds": 0.0018076030000884202,
        "minimum_seconds": 0.0018076030000884202,