{
  "schema_version": 1,
  "startup": {
    "dem_and_pyramid_load_seconds": 8.231342764999681,
    "cuda_session_construction_seconds": 3.53290344800007,
    "first_segment_generation_seconds": 7.037283132000084,
    "first_cuda_compile_and_execution_seconds": 6.8397205390001545,
    "first_cuda_timings": {
      "segment_upload_seconds": 0.010293244000422419,
      "output_reset_seconds": 0.006490910000138683,
      "kernel_wall_seconds": 6.510553140000411,
      "copy_back_seconds": 0.007501660999878368
    },
    "first_degree_conversion_seconds": 0.08843469900057244,
    "first_compression_and_write_seconds": 0.2572700749997239
  },
  "mode": "writer-pipeline",
  "gpu_workers": 1,
  "compressed": true,
  "patch_count": 1,
  "elapsed_seconds": 7.100334300000213,
  "patches_per_second": 0.1408384391140527,
  "wall_seconds_per_patch": 7.100334300000213,
  "preparation_seconds": [
    1.761717346000296
  ],
  "cuda_call_seconds": [
    5.122931841999161
  ],
  "degree_conversion_seconds": [
    0.10707191500023328
  ],
  "write_seconds": [
    0.1063823249996858
  ],
  "pass_kernel_seconds": [
    [
      0.4075513916015625,
      1.426234375,
      1.202724853515625,
      2.05484765625
    ]
  ],
  "production_cuda_timings": [
    {
      "segment_upload_seconds": 0.009595502000593115,
      "output_reset_seconds": 0.006344056000671117,
      "kernel_wall_seconds": 5.0913389740007915,
      "copy_back_seconds": 0.015504906000387564
    }
  ],
  "maximum_prepared_queue_depth": 1,
  "pipeline_metrics": {
    "preparation_seconds": 1.7617214040001272,
    "compute_seconds": 5.12293690200022,
    "finalization_seconds": 0.10707628199997998,
    "write_seconds": 0.1063823249996858,
    "maximum_prepared_queue_depth": 1,
    "maximum_writer_queue_depth": 1,
    "producer_enqueue_wait_seconds": [
      1.051600065693492e-05
    ],
    "consumer_dequeue_wait_seconds": [
      1.7618934100000843
    ],
    "writer_enqueue_wait_seconds": [
      8.146000254782848e-06
    ],
    "writer_dequeue_wait_seconds": [
      6.885439898999721
    ]
  },
  "peak_host_rss_bytes": 8478359552,
  "peak_process_gpu_memory_mib": 4458,
  "gpu_memory_samples": 100,
  "files": [
    {
      "path": "/tmp/lunarscout-phase6-startup-uncached/00000/horizon_00000_00000_000.cbin",
      "bytes": 23672772,
      "sha256": "1144fbb30c72b2bf992c0d592863c662aac321019e17f4650db0900e3dbd22eb"
    }
  ],
  "total_output_bytes": 23672772,
  "inputs": [
    "/d/lunar_analyst_scenarios/test_scenario/dem.tif",
    "/d/datasets/viper_v71_2024_medium/other/dem.tif",
    "/d/viper/maps/gsfc/site_20v2/Site20v2_final_adj_5mpp_surf.tif",
    "/d/viper/maps/lola/LDEM_80S_20M-2017-06-15-processed.tif"
  ],
  "native_runtime_modules_loaded": [],
  "notes": [
    "Warm timing follows one unrecorded segment/CUDA/compression warm-up patch.",
    "CUDA call includes segment upload, kernel events, synchronization, and result copy.",
    "Pipeline mode uses one producer and 1 CUDA worker(s)/work-buffer slot(s).",
    "Writer-pipeline mode moves degree conversion, compression, and staged writing to a one-item bounded writer queue.",
    "Pyramids and fixed-shape transient segment/output device buffers remain resident and are reused."
  ]
}
