{
  "schema_version": 1,
  "startup": {
    "dem_and_pyramid_load_seconds": 8.136958933988353,
    "cuda_session_construction_seconds": 3.5565541020041564,
    "first_segment_generation_seconds": 6.907143928998266,
    "first_cuda_compile_and_execution_seconds": 6.375831433993881,
    "first_cuda_timings": {
      "segment_upload_seconds": 0.008456985000520945,
      "output_reset_seconds": 0.006808791993535124,
      "kernel_wall_seconds": 6.07112283600145,
      "copy_back_seconds": 0.007931015992653556
    },
    "first_degree_conversion_seconds": 0.08435587599524297,
    "first_compression_and_write_seconds": 0.2491017199936323
  },
  "mode": "writer-pipeline",
  "gpu_workers": 1,
  "compressed": true,
  "patch_count": 16,
  "elapsed_seconds": 82.19722316399566,
  "patches_per_second": 0.19465377763525693,
  "wall_seconds_per_patch": 5.137326447749729,
  "preparation_seconds": [
    1.7405011619994184,
    2.235498469992308,
    2.0575520080019487,
    2.148399536992656,
    2.326407663989812,
    2.3984001169883413,
    2.454213973003789,
    2.348198454012163,
    2.256410436995793,
    2.5639137379912427,
    2.5307636670040665,
    2.3967371730104787,
    2.183338791001006,
    2.3427882180112647,
    2.476089655989199,
    2.2456213680125074
  ],
  "cuda_call_seconds": [
    4.70500022599299,
    4.740873404996819,
    5.048191915004281,
    4.973790881005698,
    4.813731614995049,
    4.84259425199707,
    5.092044952994911,
    5.405908329994418,
    4.832804459991166,
    4.847292328006006,
    5.2488343809964135,
    5.535272863009595,
    4.777932046999922,
    4.83843243199226,
    5.131313741992926,
    5.399115725012962
  ],
  "degree_conversion_seconds": [
    0.24798573899897747,
    0.2800947989890119,
    0.2883003919996554,
    0.37342570099281147,
    0.33078861600370146,
    0.23574009600270074,
    0.4719734940008493,
    0.2702008019987261,
    0.3586787290114444,
    0.295458199994755,
    0.35728421599196736,
    0.15953662000538316,
    0.22193025599699467,
    0.11391989199910313,
    0.11056371999438852,
    0.10014086500450503
  ],
  "write_seconds": [
    4.684927199996309
  ],
  "pass_kernel_seconds": [
    [
      0.3224656066894531,
      1.29331005859375,
      1.1165645751953126,
      1.93971630859375
    ],
    [
      0.37831008911132813,
      1.32162548828125,
      1.0752491455078126,
      1.8890054931640625
    ],
    [
      0.347202880859375,
      1.7022359619140626,
      1.0600274658203126,
      1.8738206787109375
    ],
    [
      0.3426939392089844,
      1.625654052734375,
      1.0636412353515625,
      1.8767718505859374
    ],
    [
      0.36534796142578124,
      1.29297607421875,
      1.134328857421875,
      1.940010986328125
    ],
    [
      0.4065243835449219,
      1.3379029541015626,
      1.1117218017578125,
      1.9102576904296875
    ],
    [
      0.41801119995117186,
      1.6577095947265625,
      1.08314892578125,
      1.893498291015625
    ],
    [
      0.3809718017578125,
      1.946927001953125,
      1.0849639892578125,
      1.9075418701171876
    ],
    [
      0.388666259765625,
      1.3041688232421875,
      1.1462816162109375,
      1.9463505859375
    ],
    [
      0.4063381042480469,
      1.3076258544921875,
      1.13427001953125,
      1.93114111328125
    ],
    [
      0.43552304077148435,
      1.7358509521484375,
      1.1075582275390625,
      1.9124921875
    ],
    [
      0.37806106567382813,
      2.100810791015625,
      1.10368994140625,
      1.91153662109375
    ],
    [
      0.3206830749511719,
      1.28654638671875,
      1.158950927734375,
      1.9587298583984376
    ],
    [
      0.38060238647460937,
      1.29179833984375,
      1.1569654541015626,
      1.9605042724609374
    ],
    [
      0.3623968200683594,
      1.6685062255859375,
      1.13329541015625,
      1.930928955078125
    ],
    [
      0.32436981201171877,
      2.0040980224609375,
      1.117339111328125,
      1.9181871337890626
    ]
  ],
  "production_cuda_timings": [
    {
      "segment_upload_seconds": 0.00933085399447009,
      "output_reset_seconds": 0.006185024001752026,
      "kernel_wall_seconds": 4.672058815005585,
      "copy_back_seconds": 0.01644509399193339
    },
    {
      "segment_upload_seconds": 0.012748256995109841,
      "output_reset_seconds": 0.03597978899779264,
      "kernel_wall_seconds": 4.664177992002806,
      "copy_back_seconds": 0.015644307000911795
    },
    {
      "segment_upload_seconds": 0.01058254599047359,
      "output_reset_seconds": 0.03804961999412626,
      "kernel_wall_seconds": 4.983261847999529,
      "copy_back_seconds": 0.016182681007194333
    },
    {
      "segment_upload_seconds": 0.012844205994042568,
      "output_reset_seconds": 0.010524711004109122,
      "kernel_wall_seconds": 4.908738534999429,
      "copy_back_seconds": 0.015568083996186033
    },
    {
      "segment_upload_seconds": 0.011966381993261166,
      "output_reset_seconds": 0.0514549409999745,
      "kernel_wall_seconds": 4.732647879005526,
      "copy_back_seconds": 0.015563567998469807
    },
    {
      "segment_upload_seconds": 0.047563696003635414,
      "output_reset_seconds": 0.011625127997831441,
      "kernel_wall_seconds": 4.766387705007219,
      "copy_back_seconds": 0.015026143999421038
    },
    {
      "segment_upload_seconds": 0.010186329003772698,
      "output_reset_seconds": 0.014184265994117595,
      "kernel_wall_seconds": 5.052343766001286,
      "copy_back_seconds": 0.015217952008242719
    },
    {
      "segment_upload_seconds": 0.011374244000762701,
      "output_reset_seconds": 0.03222033500787802,
      "kernel_wall_seconds": 5.3203718559962,
      "copy_back_seconds": 0.015553563993307762
    },
    {
      "segment_upload_seconds": 0.012083736000931822,
      "output_reset_seconds": 0.01275450098910369,
      "kernel_wall_seconds": 4.785442335996777,
      "copy_back_seconds": 0.01528494899685029
    },
    {
      "segment_upload_seconds": 0.011901831996510737,
      "output_reset_seconds": 0.028024956991430372,
      "kernel_wall_seconds": 4.7793512390053365,
      "copy_back_seconds": 0.015527969997492619
    },
    {
      "segment_upload_seconds": 0.012049672994180582,
      "output_reset_seconds": 0.011498955995193683,
      "kernel_wall_seconds": 5.191393572007655,
      "copy_back_seconds": 0.015670052991481498
    },
    {
      "segment_upload_seconds": 0.012254323009983636,
      "output_reset_seconds": 0.011262498999712989,
      "kernel_wall_seconds": 5.494070454995381,
      "copy_back_seconds": 0.016154077005921863
    },
    {
      "segment_upload_seconds": 0.011379424002370797,
      "output_reset_seconds": 0.016259081996395253,
      "kernel_wall_seconds": 4.724886762996903,
      "copy_back_seconds": 0.015424568991875276
    },
    {
      "segment_upload_seconds": 0.01325613199151121,
      "output_reset_seconds": 0.008571227997890674,
      "kernel_wall_seconds": 4.789842505007982,
      "copy_back_seconds": 0.01554846900398843
    },
    {
      "segment_upload_seconds": 0.011811037998995744,
      "output_reset_seconds": 0.00850578400422819,
      "kernel_wall_seconds": 5.095085642999038,
      "copy_back_seconds": 0.01579127399600111
    },
    {
      "segment_upload_seconds": 0.010907748990575783,
      "output_reset_seconds": 0.008445240993751213,
      "kernel_wall_seconds": 5.363951167993946,
      "copy_back_seconds": 0.015712312000687234
    }
  ],
  "maximum_prepared_queue_depth": 1,
  "pipeline_metrics": {
    "preparation_seconds": 36.70488026901148,
    "compute_seconds": 80.23317201402097,
    "finalization_seconds": 4.220300706962007,
    "write_seconds": 4.684927199996309,
    "maximum_prepared_queue_depth": 1,
    "maximum_writer_queue_depth": 1,