{
  "band_count": 2921,
  "cpu_file_bytes": 15954652,
  "cpu_file_sha256": "b98deb7b62de14cabff12c5703c2245a8a54b8b3d7b3c5cdedbff903290f2858",
  "cpu_kernel_seconds_one_patch": 0.3690370129988878,
  "cpu_pipeline_patches_per_second": 1.1207402407252203,
  "cpu_pipeline_seconds": 3.569069668999873,
  "dtype": "uint8",
  "gpu_file_bytes": 15954593,
  "gpu_file_sha256": "6c8dcb92c28c985132c28d472397332fbbef63abd36c8c4d37def98226ca2723",
  "gpu_kernel_seconds_one_patch": 0.05392077100259485,
  "gpu_pipeline_patches_per_second": 1.8365258253235885,
  "gpu_pipeline_seconds": 2.1780254570039688,
  "gpu_session_buffer_bytes": 98566144,
  "gpu_total_bytes": 25146949632,
  "kernel_max_abs_byte_delta": 1,
  "kernel_mismatch_count": 679,
  "mask_mismatch_count": 0,
  "one_horizon_read_seconds": 0.5218030869946233,
  "peak_host_rss_bytes": 1135542272,
  "product_max_abs_byte_delta": 1,
  "product_mismatch_count": 2294,
  "region": {
    "height": 256,
    "patch_count": 4,
    "width": 256
  },
  "schema": "lunarscout-numba-phase6b-lightmap-benchmark-v1",
  "time_batch_size": 32,
  "time_count": 2921,
  "time_step_hours": 6,
  "valid_pixels": 65536,
  "vector_seconds": 0.09484416300256271
}
