{
  "schema_version": 1,
  "mode": "serial",
  "compressed": true,
  "patch_count": 4,
  "elapsed_seconds": 28.876791712999875,
  "patches_per_second": 0.13851954329813113,
  "wall_seconds_per_patch": 7.219197928249969,
  "preparation_seconds": [
    1.7258067709999523,
    1.7188531570000123,
    1.8190032689999498,
    1.6768765389997498
  ],
  "cuda_call_seconds": [
    5.111420686000201,
    5.147064968999985,
    5.51649689199985,
    5.428064217000156
  ],
  "degree_conversion_seconds": [
    0.08508472600033201,
    0.0871559279999019,
    0.0848988179996013,
    0.08666345399979036
  ],
  "write_seconds": [
    0.09570552200011662,
    0.10020294900004956,
    0.0976709500000652,
    0.09487693600021885
  ],
  "pass_kernel_seconds": [
    [
      0.40591677856445313,
      1.42557080078125,
      1.19929443359375,
      2.0474306640625
    ],
    [
      0.45562014770507814,
      1.500693603515625,
      1.1572294921875,
      2.0014632568359376
    ],
    [
      0.4172305908203125,
      1.95858642578125,
      1.130320068359375,
      1.9785306396484375
    ],
    [
      0.42680111694335937,
      1.86886865234375,
      1.1257691650390624,
      1.975172119140625
    ]
  ],
  "maximum_prepared_queue_depth": 0,
  "peak_host_rss_bytes": 8094478336,
  "peak_process_gpu_memory_mib": 5338,
  "gpu_memory_samples": 414,
  "files": [
    {
      "path": "/tmp/lunarscout-phase6-serial/00000/horizon_00000_00000_000.cbin",
      "bytes": 23672772,
      "sha256": "1144fbb30c72b2bf992c0d592863c662aac321019e17f4650db0900e3dbd22eb"
    },
    {
      "path": "/tmp/lunarscout-phase6-serial/00000/horizon_00000_00128_000.cbin",
      "bytes": 23656625,
      "sha256": "7b49aba1bfb741befcc6c8cbe03063fd70e1eb7cbf24f371be843340327177a3"
    },
    {
      "path": "/tmp/lunarscout-phase6-serial/00000/horizon_00000_00256_000.cbin",
      "bytes": 23651112,
      "sha256": "cfc841263de05bf50ec6e59125b09469cd0d4fd64a1c5cf98acef9b8ea63a52d"
    },
    {
      "path": "/tmp/lunarscout-phase6-serial/00000/horizon_00000_00384_000.cbin",
      "bytes": 23647011,
      "sha256": "4f7bd2c9a034447bc919391fcc5c24f0627be8932dff02517720b120b8ac6ec2"
    }
  ],
  "total_output_bytes": 94627520,
  "inputs": [
    "/d/lunar_analyst_scenarios/test_scenario/dem.tif",
    "/d/datasets/viper_v71_2024_medium/other/dem.tif",
    "/d/viper/maps/gsfc/site_20v2/Site20v2_final_adj_5mpp_surf.tif",
    "/d/viper/maps/lola/LDEM_80S_20M-2017-06-15-processed.tif"
  ],
  "notes": [
    "Warm timing follows one unrecorded segment/CUDA/compression warm-up patch.",
    "CUDA call includes segment upload, kernel events, synchronization, and result copy.",
    "Pipeline mode uses one producer, one CUDA consumer, and one default CUDA stream.",
    "Pyramids remain device-resident; transient segment and output buffers are not yet reused."
  ]
}
